IDH,Alto,Médio
2013,51.27348395043918,62.67043717618615
2014,59.594604683097906,71.25335436115498
2015,66.64240695646453,77.10180637568281
2016,76.01110462018909,88.1241507142135
2017,82.38074810102609,96.42345122618683
2018,86.71560592377443,101.9623058664161
2019,91.94,109.04
