IDH,Muito Alto,Alto,Médio
2013,665.269,10145.1195,7003.836
2014,1330.538,21679.417500000003,14642.479
2015,1995.807,33448.6226,21862.714
2016,2661.076,44808.14579999999,29349.922999999995
2017,3326.3450000000003,56838.7448,37582.21600000001
2018,3991.6140000000005,69883.2568,46316.37800000001
2019,4656.883000000001,83555.1298,55751.06500000002
