IDH,Muito Alto,Alto,Médio
2013,0,10145.1195,7003.836
2014,0,21679.417500000003,14642.479
2015,0,33448.6226,21862.714
2016,0,44808.14579999999,29349.922999999995
2017,0,56838.7448,37582.21600000001
2018,0,69883.2568,46316.37800000001
2019,0,83555.1298,55751.06500000002
