Estado,Acre,Amapá,Amazonas,Roraima,Rondônia,Pará,Tocantins
2013,2111.464862985537,2035.7269865742794,6453.8577087802,1465.6680334574648,3154.0043607020966,8663.490036292227,3215.66315820993
2014,2545.2442323554856,2449.295589984001,7471.789834916885,1784.496478467637,3870.648942306651,10632.646823218343,3874.852246779664
2015,2950.634749152059,2633.4034551466034,8018.786362622033,2054.578000907629,4468.820392150651,12403.809405849079,4564.886540247019
2016,3786.62348762114,2817.3352766830653,9204.7837843377,2687.3619440181465,5487.462235720016,15101.635651192395,5885.696029862927
2017,4092.6221940564,3643.059749356487,10753.976698846109,2801.536068729121,5917.445805746725,16216.36427773962,6443.97719269212
2018,4725.8705793802865,4195.181466604021,12504.045783388863,3104.513021401578,6711.705119699947,17949.976419151182,7221.65140521839
2019,5260.4,4656.35,14216.17,3902.45,7663.67,20624.0,8108.33
