Estado,Acre,Amapá,Amazonas,Roraima,Rondônia,Pará,Tocantins
2013,493.51979328066034,284.8448998339404,191.7291364382856,231.60242458808543,148.9664795819785,72.95265528700163,331.7932367623769
2014,575.6914150607729,238.96705709735235,192.28319175762545,216.61885448602214,158.0817198150139,74.17944667151703,292.42830441901816
2015,436.13297639425383,232.10128064709062,185.57623838645486,201.84428525799473,157.42806388811414,57.69786350171751,235.14007845240243
2016,371.11431469063984,255.99004378673106,168.27357744519227,252.72638907154737,162.15997072520034,54.930526544288675,218.64188243339672
2017,296.2157259129826,321.6157501690616,144.39431510639363,266.97890474395996,149.8279911814283,62.23541808230001,241.28951312293822
2018,290.96845984307873,219.64705887822225,123.54757469396553,248.8613020702363,155.172096840655,56.849338103378685,206.55675076231267
2019,294.02,232.99,121.58,303.57,165.4,155.31,204.11
