Estado,Rio de Janeiro,Minas Gerais,São Paulo,Espírito Santo
2013,1551.6695705546056,1304.131588161008,2049.49232912486,1618.2713163154033
2014,1751.00852093406,1536.1364355357714,2269.3368089605538,1810.4562547453886
2015,1954.1670030233215,1703.8667037831233,2558.4149055294897,2063.097448945516
2016,2279.889341658262,2137.00412839398,2901.3965098532417,1643.0146164215823
2017,2541.309384165303,2514.7542126741355,3272.9668744353066,1831.8216365035273
2018,2835.3182882602528,2757.0730711935016,3509.8981317451994,2786.767559402497
2019,2892.9,3008.35,3877.95,3190.45
