Estado,Bahia,Ceará,Piauí,Maranhão,Rio Grande do Norte,Paraíba,Pernambuco,Sergipe,Alagoas
2013,2396.754769361589,759.1730376197029,361.8426713100522,928.0433630372103,403.2559148893743,250.27399371581194,2645.1936234935383,363.0187224646467,388.5872927858521
2014,2225.998225937121,740.3860867041556,358.79660388223726,827.5984103303925,429.3542976929417,221.46453962036625,2830.4577687355754,377.06550885760294,398.0768228290359
2015,2066.618276407261,683.2278425919496,330.9250809984546,457.39015293839395,366.63226503750843,221.94750453210054,2457.1954822546422,281.4280420911583,404.2504861446441
2016,1699.525209447991,765.9303471632035,428.08347625772285,465.1202114040801,323.5545914362061,195.82732713038914,2084.556023645981,270.43171590141884,315.1736640285179
2017,1657.560570250505,797.3892846838789,407.54606851624146,464.07666258524574,645.0791645498313,153.58548000175796,2102.768337179526,299.9099826054174,297.1363428258928
2018,1810.514282031397,842.7405306288049,428.139305197673,435.7368784716132,486.708044882943,226.14442292242055,2102.7502161523653,422.4980057477215,483.81778796401755
2019,1812.83,916.771,435.445,404.616,314.398,183.034,2037.86,348.421,266.992
