IDH,Muito Alto,Alto,Médio
2013,2472.91,23015.148,48899.219999999994
2014,5187.785999999999,48227.698000000004,102150.89
2015,5970.0819999999985,74420.008,157914.32000000007
2016,9148.344999999998,102682.838,221360.8900000001
2017,12393.897999999997,130691.31800000003,282212.5600000002
2018,15838.312999999996,161168.20800000004,347453.3100000002
2019,19405.564999999995,192426.18800000005,418309.67000000016
