Estado,Goiás,Mato Grosso,Mato Grosso do Sul
2013,9984.230442805812,5792.757588294342,5194.076915902396
2014,11960.716190414463,7039.7726625334035,6227.891464946569
2015,14067.121124438856,8581.784531506277,7052.475279052357
2016,17043.064556193272,10824.398989159548,8660.166612756802
2017,18998.592329474126,12301.35195344231,9943.23219748716
2018,20479.831309255038,14189.576162401405,11171.653616179121
2019,23872.4,16055.83,12316.34
