Estado,Bahia,Ceará,Piauí,Maranhão,Rio Grande do Norte,Paraíba,Pernambuco,Sergipe,Alagoas
2013,679.6732290258482,879.2270882855399,1414.900428262757,1121.4498951461924,1319.5668791572427,1276.8823133470573,789.078784642514,1973.5325357997885,1320.6289173844993
2014,675.9223173675066,870.1929692421986,1406.707112930582,1107.9446730305533,1270.0585061765942,1264.153318922289,778.5839262922352,1947.382054418004,1307.2912122545877
2015,645.7183370959523,834.7525178125894,1351.6232083100413,1057.9076825069735,1159.0786921976128,1209.2188559852575,752.8490579995953,1856.5613781150832,1251.6834356612094
2016,629.4486738361649,820.4529168680942,1351.6586887320573,1052.0689759685415,1174.6284039172524,1195.8076843400818,727.3583152916752,1815.52285274047,1264.2754829072098
2017,564.9629867760366,729.6344520480427,1199.0419045341212,932.6310172102341,1063.6501296703887,1059.877636616321,654.8169122456428,1616.3417967108935,1117.4510249301004
2018,604.7099001544699,752.2459839275111,1230.0318410247849,959.6026979635737,1107.3465644051212,1108.2400298796993,680.1557870891804,1677.9904960579506,1182.0756011334845
2019,624.14,777.85,1290.17,998.08,1162.34,1144.57,707.22,1748.86,1237.9
