Estado,Goiás,Mato Grosso,Mato Grosso do Sul
2013,70.25261246266344,153.90048663520622,109.34480230524665
2014,89.98288743724184,164.57230874286785,173.75383638375166
2015,95.30116136512262,216.20036675411166,140.6781587286743
2016,80.43706547100999,229.02271999626453,197.06324845206663
2017,203.74049441159303,209.56751640605341,186.31821183664277
2018,153.18216975832206,310.42338835869714,222.09840855208833
2019,418.684,313.564,215.298
