Estado,Acre,Amapá,Amazonas,Roraima,Rondônia,Pará,Tocantins
2013,2045.1888797211682,1892.5365027622397,3354.0260491412732,2033.3346589198763,2748.0082948175227,1786.6450442210557,2246.7106333431293
2014,2087.962686583454,1923.5182347389825,3176.1328463629075,2156.851771792276,2839.565769415945,1831.9806831601368,2276.456835671852
2015,2038.1164487160609,1503.432115911609,2766.890893068401,2060.999120120715,2727.4782094641637,1807.91441669729,2297.3573373485224
2016,1840.7817015572787,1211.0342424302873,2283.949238304967,1992.6565632328686,2412.461388586302,1625.7941930655315,2283.7079117239145
2017,1961.5141938482511,1410.6766214053418,2397.3979012402306,1932.2452207497904,2342.503840379624,1532.146610822388,2291.735943796904
2018,2169.7185702120105,1610.6065766612921,2631.0895964972706,1821.2670351266083,2599.0287307467174,1558.8479139363228,2450.2771183629134
2019,2111.75,1562.27,2729.51,2368.62,2730.34,1660.14,2519.61
