Estado,Goiás,Mato Grosso,Mato Grosso do Sul
2013,21237.640903289404,11597.738569409354,11153.697262951478
2014,21315.438264166816,11847.878881899083,11198.980302813992
2015,21119.644746916983,12276.35018546759,10623.479948173213
2016,19508.38114259089,11904.98499556931,9930.554335076866
2017,19120.216571332414,11951.94390311365,10077.732914999584
2018,19283.997790085603,13062.673020998202,10683.76924926727
2019,20991.1,13755.2,10877.4
