IDH,Alto,Médio
2013,1784.9741669814418,1225.5118192514874
2014,2048.0863314168614,1442.5726963677766
2015,2324.6740496033676,1659.4867849335496
2016,2728.106854740884,2049.5848316550655
2017,3094.685194294146,2238.0616422598387
2018,3398.3200094376853,2524.7437804639926
2019,3707.23,2824.23
