Região,Sul,Sudeste,Nordeste,Norte,Centro Oeste
2013,5614.720000000001,8870.13,35520.979999999996,17320.739999999998,4587.798000000001
2014,6188.62,9684.24,38610.659999999996,18934.800000000003,5045.9
2015,6496.429999999999,9934.54,40508.909999999996,19719.3,5296.5599999999995
2016,6920.64,10732.869999999999,45856.53,22199.82,5999.539999999999
2017,6950.740000000001,10337.29,44143.55,21622.71,5805.86
2018,7450.07,11533.58,47205.189999999995,23322.61,6206.19
2019,7492.6,11341.79,51256.35999999999,25402.72,6620.870000000001
