IDH,Muito Alto,Alto,Médio
2013,0,269570.50999999995,115663.29
2014,0,555411.52,241257.78999999995
2015,0,855228.68,374919.07999999996
2016,0,1169683.5700000003,521790.7
2017,0,1509620.84,671309.4800000001
2018,0,1867461.0600000005,833874.68
2019,0,2246342.0500000007,1010481.8400000001
