Região,Sul,Sudeste,Nordeste,Norte,Centro Oeste
2013,44429.93367751368,147957.62861181571,41349.746998687784,16009.781685466645,18033.597575363478
2014,53434.4906285473,167638.7627298769,48710.598853623196,19386.257087196343,21699.353023322867
2015,62835.33825983139,189591.960015545,57411.2769513796,22040.025842761854,25657.670235154073
2016,77485.64173271239,219165.70263154936,70920.02267371397,25652.834979906296,31306.889887783243
2017,90266.58899553081,250549.71321442333,80712.2230408637,29693.48050600747,35825.902834805864
2018,99535.82822213546,277571.9477209212,91111.90137308146,33963.90108340148,39867.32897186187
2019,109201.4,304522.2,102008.39,39028.65,45623.700000000004
