Estado,Bahia,Ceará,Piauí,Maranhão,Rio Grande do Norte,Paraíba,Pernambuco,Sergipe,Alagoas
2013,159.32135229773147,86.47802447530036,113.63809031646839,136.59685787628263,119.5261551940534,63.940948564543916,287.25010405449234,165.33436284911136,117.71444292402725
2014,147.15783830826007,83.7306938528149,112.31294402559102,120.8061189143499,125.96779590903333,56.149322875683765,305.08227710681547,169.87779604940127,119.83383626715192
2015,135.92071045569185,76.72964458412285,103.27983058139445,66.25103146235804,106.51510238273933,55.87720447181087,262.93459975788363,125.46829386673146,121.00178502357919
2016,111.25155386511688,85.45259317642899,133.26973145065185,66.88193817735566,93.10609331837381,48.966312469710054,221.51481792211473,119.35323194330171,93.83007306153077
2017,108.01976560211844,88.39637133508016,126.59286350751294,66.29727850131012,183.9411883152256,38.15362293318203,221.96620353065532,131.072699009218,88.02126549163594
2018,122.22815474894925,92.8580745555553,131.15242036130346,61.94001348178796,139.90007070542714,56.58960976774556,221.42360069395284,185.4460316420522,145.60370495593062
2019,121.89,100.39,133.03,57.19,89.65,45.55,213.23,151.57,80.0
