Estado,Rio de Janeiro,Minas Gerais,São Paulo,Espírito Santo
2013,1249.509448852667,2441.310617130245,1147.3146340008989,841.2168009316372
2014,1409.2260146251394,2883.257052955664,1506.167783843825,974.3623448697515
2015,1506.7566496186141,3265.8673053706893,1683.2074812806381,1128.790600679023
2016,2037.6632273814926,4004.5016830968466,1876.5388297687366,1420.933402796872
2017,1975.3091372734423,4170.8414500685085,2086.204503813333,1413.059831681458
2018,2428.8166266582057,4710.055978366549,2338.683988865973,1624.023805380294
2019,2568.23,4986.81,2031.44,1755.31
