Região,Sul,Sudeste,Nordeste,Norte,Centro Oeste
2013,3817.001310641846,10891.968874590519,8496.143388677778,2764.9876309757897,813.4962929438839
2014,4046.387298184267,11282.939769054383,8409.19826458943,2799.8337250036843,875.6377520665073
2015,3718.6371263854953,10641.188804348996,7269.615132996113,2467.6532691328275,775.7801929899374
2016,3087.656388796421,8967.28549671621,6548.202566415512,2386.118868503149,668.9149930666213
2017,2979.9640693836127,8828.770853088927,6825.051893198297,2393.8472564992853,688.735054340849
2018,3355.645423106263,9130.678993075264,7239.049473998955,2160.67275173858,740.1083593467038
2019,3290.922,9052.472999999998,6720.367,3095.2520000000004,947.546
