Estado,Rio Grande do Sul,Paraná,Santa Catarina
2013,51.11341438266184,58.4894200658419,52.89338797634591
2014,59.45472766236538,68.6376540734565,82.10781116999995
2015,59.748364857519924,78.97228291415615,90.02718098643942
2016,65.54271780186195,95.95586155086721,75.1670202300164
2017,66.5558813234363,115.68201551212158,75.87725037462272
2018,72.04643249411163,146.5281017846174,89.01608653380686
2019,85.3,143.58,94.75
