Estado,Rio Grande do Sul,Paraná,Santa Catarina
2013,1391.935413419253,1569.083389725673,855.9825074969198
2014,1362.2051642373613,1554.951620079828,1129.2305138670777
2015,1152.9329856016977,1512.4306249299245,1053.2735158538728
2016,976.9198786288508,1424.7231840811341,686.0133260864363
2017,865.5374425898409,1504.2387360701393,610.1878907236326
2018,880.9829307674264,1794.889025359708,679.7734669791286
2019,970.447,1641.64,678.835
