Estado,Goiás,Mato Grosso,Mato Grosso do Sul
2013,26.629046727539667,117.97995248084143,103.09579909002308
2014,28.196196768741626,104.34880528310163,135.60483273567223
2015,24.72952696736496,113.58816623993059,91.03295149533183
2016,15.85860389772351,91.49724944469173,97.01328558303034
2017,34.52045490667958,71.96673539222397,78.87940022141002
2018,23.884617744822293,97.34618019529574,87.23755337245446
2019,59.66,89.99,77.47
