Estado,Rio de Janeiro,Minas Gerais,São Paulo,Espírito Santo
2013,37.72519573376469,42.61692172504036,60.57032444694738,84.77284309488196
2014,43.92837836105363,60.643682338591944,69.90354111108599,118.44086730527674
2015,61.298188275112125,49.57908016671791,83.95004088593011,108.43419704464036
2016,51.60227251261835,62.462244872778165,91.8398624111592,128.44875962205052
2017,62.487696232027595,59.567187209984205,106.51926835670106,144.42990144475962
2018,73.94264454505884,56.97299050536362,117.97904115969621,155.91290762052373
2019,71.39,68.9,122.29,185.64
