Estado,Bahia,Ceará,Piauí,Maranhão,Rio Grande do Norte,Paraíba,Pernambuco,Sergipe,Alagoas
2013,15789.575901910166,9527.487938109934,3807.8501283762853,6349.985364858125,4850.77379305551,4877.146855042505,11398.131337765813,3653.5942873006134,3838.513054779713
2014,18777.26610941185,11331.864074456156,4598.771779878843,7545.442080183603,5119.247180173581,5938.325050477105,13529.870596694152,4319.129640030352,4554.402788902481
2015,22367.08210108307,13052.047862700892,5384.514090209805,8780.245909537358,6410.062020563216,6740.502696229351,15298.856646116956,4993.508147687714,5311.382274854555
2016,26982.71517213605,16630.35079890348,6796.785057193642,11563.964847266618,8066.009519183603,8448.72782396901,19075.497941116068,6164.461426143152,7095.408191395249
2017,30313.26943775356,18145.50511264542,7527.551354768478,12342.64963053996,8939.55681737808,9243.271094271091,21134.380171763936,6646.453377287462,7608.607143504871
2018,34401.377416982956,19966.06372330905,8748.516000231875,13724.205298243047,9790.412331413254,10291.050814630853,23736.84020640868,7390.192892589384,8500.323981279214
2019,37918.23,23056.9,9619.27,15571.76,10893.87,11391.78,27031.41,8263.81,9517.72
