Estado,Goiás,Mato Grosso,Mato Grosso do Sul
2013,1353.189709293409,1494.1533734608502,1767.315292264245
2014,1598.3257589534578,1797.3427840517131,2091.063546036934
2015,1862.139557330433,2191.2594475224632,2335.560986517094
2016,2206.1929426853508,2727.193155143274,2803.369595881126
2017,2455.6722218512004,3111.219194252807,3233.8339196798756
2018,2581.428007712867,3516.116167201605,3602.013610565326
2019,2990.89,3947.58,3914.16
