Estado,Goiás,Mato Grosso,Mato Grosso do Sul
2013,198.58870856728544,326.2601958264959,240.23240732023953
2014,235.23817961694618,385.96965715832937,286.30727988639586
2015,265.7985334161201,436.7677236306999,324.50859292983444
2016,339.12178112803537,547.4365874820945,425.15747561914117
2017,346.99006233785906,566.8213484699437,430.9943521955483
2018,377.5964596274556,606.3739623021444,463.33027047916596
2019,410.54,660.25,517.79
