Estado,Acre,Amapá,Amazonas,Roraima,Rondônia,Pará,Tocantins
2013,5150.463710546004,4965.717475451932,15742.795679346187,3575.1814535791814,7693.514245712206,21132.71777372013,7843.917600542826
2014,5203.513745061393,5007.355720989199,15275.37538911112,3648.2361243292685,7913.1796931568415,21737.45182787341,7921.772955965165
2015,5062.244195657387,4517.987649766203,13757.39736409783,3524.9281743899105,7666.913059334466,21280.543851401682,7831.728545473425
2016,5000.620019920642,3720.576717877153,12155.849722444167,3548.933761690792,7246.749935452126,19943.240149905207,7772.658014274893
2017,4700.815712732968,4184.445008647675,12352.096099590117,3217.8647691437777,6796.821427420686,18626.234327445836,7401.599220150872
2018,5100.825561765819,4528.031079493947,13496.128445769615,3350.82798193694,7244.218067878055,19374.144300817148,7794.623967618351
2019,5260.4,4656.35,14216.17,3902.45,7663.67,20624.0,8108.33
