Estado,Rio Grande do Sul,Paraná,Santa Catarina
2013,17846.668334113092,15899.710167323688,10683.5551760769
2014,21072.96274292945,19236.797091773416,13124.730793844426
2015,24361.239129039142,23539.29829584714,14934.800834945116
2016,30959.188032338607,28414.05604844474,18112.39765192904
2017,35074.94012675118,33928.85027634354,21262.79859243609
2018,39720.92600082173,35821.65949402619,23993.242727287525
2019,42718.5,38787.2,27695.7
