Estado,Goiás,Mato Grosso,Mato Grosso do Sul
2013,3785.2291876167233,4440.506773834116,4896.99579304381
2014,3748.5356583522753,4463.5780539952775,4860.312268874726
2015,3650.788106422068,4508.763850565769,4563.737274655828
2016,3361.346013542047,4324.480398521832,4263.59714964492
2017,3219.1583484381695,4224.613485825644,4209.459209750497
2018,3193.785841079726,4449.561954732466,4387.892058719737
2019,3401.42,4607.83,4431.95
