Estado,Acre,Amapá,Amazonas,Roraima,Rondônia,Pará,Tocantins
2013,6633.240876097845,6756.109328065912,4134.218072735124,7325.11192652792,4451.720648057209,2651.6439439032006,5306.520857115845
2014,6585.885195263578,6668.371939258948,3943.306749824789,7341.463198330202,4525.618265851043,2692.3078431881204,5292.191641795539
2015,6300.135156797072,5892.936250885293,3493.2028633371274,6970.871182721238,4335.984618454269,2603.083973442413,5169.034361634572
2016,6123.052931878867,4755.972325443371,3037.6925931250285,6901.469056676038,4054.631313937526,2410.726135551116,5070.547269716039
2017,5666.230980660225,5245.49083203358,3039.6862783148363,6156.987314293186,3763.9084889074697,2226.2531808413582,4774.625825412975
2018,5867.97995215867,5458.783153935393,3307.3806259522303,5811.681238126835,4121.680903829209,2275.6981202837515,5011.8841905116105
2019,5964.61,5505.71,3430.05,6442.23,4312.16,2397.34,5155.13
