Estado,Rio Grande do Sul,Paraná,Santa Catarina
2013,19171.56414660618,17441.99966120654,11411.353084064222
2014,22697.515443270255,21072.10949310298,13993.094332403061
2015,26250.649470840704,25622.986255912096,15921.46575709263
2016,33135.21148450098,31001.71422218164,19370.98839098301
2017,37456.09738039139,36720.5769804245,22575.44143339796
2018,42311.623309067916,38920.54163192623,25474.684862055223
2019,45435.19,42029.85,29228.96
