Estado,Rio de Janeiro,Minas Gerais,São Paulo,Espírito Santo
2013,1506.3544141969396,2140.709847337375,6450.991992658749,793.9126203974545
2014,1478.3843616129866,2570.5151433523492,6293.285311553878,940.7549525351702
2015,1740.4059516603202,1775.2211437573837,6394.455773159358,731.1059357719332
2016,1133.6706864158928,1732.0583309222338,5427.4922665763215,674.0642128017603
2017,1199.9957451074508,1445.036316664831,5517.431851220816,666.3069400958295
2018,1369.5994594606016,1293.8107311228553,5798.788323546006,668.4804789458002
2019,1232.58,1458.62,5615.24,746.033
