Estado,Rio de Janeiro,Minas Gerais,São Paulo,Espírito Santo
2013,26649.028324626233,29297.782698813207,90635.80719560344,7054.361893688265
2014,30232.91435336526,34733.67430481682,101437.10893558379,8008.078332405436
2015,33848.28849757782,38824.00803165475,115267.70441512146,9236.581108139922
2016,39965.85563821176,48876.462959722885,131713.25165009286,7949.769526565802
2017,44463.39690914685,57281.27773940156,149680.14623411582,8770.307254595828
2018,51082.73022139914,62720.76537313434,162175.884265081,12694.148260577735
2019,52514.03,68669.91,180103.44,14576.61
