Estado,Rio de Janeiro,Minas Gerais,São Paulo,Espírito Santo
2013,25399.518875773567,26856.47208168296,89488.49256160256,6213.1450927566275
2014,28823.688338740125,31850.417251861152,99930.94115173996,7033.715987535685
2015,32341.531847959206,35558.14072628406,113584.49693384084,8107.7905074609
2016,37928.19241083026,44871.96127662603,129836.71282032413,6528.8361237689305
2017,42488.08777187341,53110.43628933305,147593.9417303025,7357.247422914369
2018,48653.91359474094,58010.709394767786,159837.200276215,11070.12445519744
2019,49945.8,63683.1,178072.0,12821.3
