Região,Sul,Sudeste,Nordeste,Norte,Centro Oeste
2013,48024.91689187694,153636.98011273114,64093.058661198666,27099.875147001734,20971.064947002553
2014,57762.7192687763,174411.7759261713,75714.31930020812,32628.97414802867,25228.380317894433
2015,67795.10148384543,197176.58205249396,88338.20174898292,37094.91890607507,29701.38093499749
2016,83507.91409766563,228505.3397745933,110823.92077730686,44970.898409435395,36527.63015810962
2017,96752.11579421385,260195.12813726004,121901.24413991287,49868.98198716658,41243.1764804036
2018,106706.84980304936,288673.52812019223,136548.98266508832,56412.94379484427,45841.061087835566
2019,116694.0,315863.99,153264.75,64431.37,52244.57000000001
