IDH,Muito Alto,Alto,Médio
2013,0,330166.222,88059.25999999998
2014,0,679048.954,183666.20999999996
2015,0,1044967.7170000001,286057.9799999999
2016,0,1423564.9330000002,395320.93999999994
2017,0,1829216.3360000004,511653.86999999994
2018,0,2264714.036000001,639300.0900000001
2019,0,2726817.4160000007,777581.0500000002
