Estado,Bahia,Ceará,Piauí,Maranhão,Rio Grande do Norte,Paraíba,Pernambuco,Sergipe,Alagoas
2013,1049.5505447852074,1085.3100862266663,1195.8733380818342,934.6077895556515,1437.7128438625582,1245.9430988825877,1237.779550925943,1664.0063932207465,1162.8541876407235
2014,1241.3596020440204,1281.483325441149,1439.4954019116608,1101.3846673969692,1501.9015347114828,1505.7061896754078,1458.3158550512237,1945.927149324852,1371.0955387734496
2015,1471.1412494064584,1465.78939612699,1680.543006538078,1271.7179120127353,1862.2159033115952,1696.9192194973652,1637.086874060567,2226.325156670251,1589.790538730598
2016,1766.2857449905118,1855.3061915004757,2115.9455281443115,1662.9158638476124,2321.1537558664977,2112.490873475254,2027.0817158510802,2720.684133247922,2112.3777487631687
2017,1975.5237433677137,2011.5962286048375,2338.292018984408,1763.175678435881,2549.063195658332,2296.1452482094237,2230.9516490496244,2904.768131563567,2253.849186238425
2018,2322.436242967501,2199.9621204484533,2679.867401850112,1950.82680819126,2814.132690675812,2575.0174634188015,2499.592500823764,3243.716161913247,2558.163314681702
2019,2549.46,2524.83,2938.77,2200.9,3106.45,2835.1,2828.42,3595.0,2851.87
