Região,Sul,Sudeste,Nordeste,Norte,Centro Oeste
2013,1564.8035987298726,4465.230872385268,3483.047205894834,1133.5240004586094,333.4979014031163
2014,1979.2479538186537,5518.931779214735,4113.271229848068,1369.5093333583427,428.30903256386136
2015,2167.485308988561,6202.439124792675,4237.246998629724,1438.323242290066,452.1796868479086
2016,2338.0685108934836,6790.304751571359,4958.500654101589,1806.84269465317,506.5230339193412
2017,2594.4150617977634,7686.50075809567,5942.023801960669,2084.1302892586996,599.6262226542892
2018,3108.976338802716,8459.494781899986,6706.916462363164,2001.844537803623,685.7039666691074
2019,3290.922,9052.472999999998,6720.367,3095.2520000000004,947.546
