Estado,Goiás,Mato Grosso,Mato Grosso do Sul
2013,484.4143773028565,795.8414692366634,585.9952100981162
2014,480.9224535074162,789.0788595722842,585.3284518874118
2015,456.0161447928025,749.3387226038042,556.7418134257668
2016,447.8446757233209,722.9454863810043,561.4635284311414
2017,398.55531731437446,651.0551365013881,495.04325755803677
2018,407.5553151420765,654.4842383952024,500.09132656144675
2019,410.54,660.25,517.79
