Estado,Rio de Janeiro,Minas Gerais,São Paulo,Espírito Santo
2013,1627.997143253555,1422.6791100569098,2075.769349371189,1837.3745406890334
2014,1836.6202514734102,1675.195175697024,2303.543734380696,2061.25575291883
2015,2045.2095855592179,1860.3606959693543,2596.328319774627,2350.326299273859
2016,2402.3685972425965,2327.7236910683573,2943.3309704330577,2000.6018313222612
2017,2659.4640351114235,2712.238472902725,3319.2284838004543,2183.645001312372
2018,2976.860411149486,2980.9319730659868,3561.259489632785,3195.5985779402254
2019,3041.66,3243.92,3922.19,3627.24
