Estado,Bahia,Ceará,Piauí,Maranhão,Rio Grande do Norte,Paraíba,Pernambuco,Sergipe,Alagoas
2013,982.5646320617441,311.22774257738985,148.33966985062125,380.4571903628205,165.3172884873576,102.60139155392267,1084.4136966471133,148.8217993887666,159.3037949650983
2014,1088.8237109351874,362.1520974530965,175.50159975780474,404.81109185100223,210.01415646824753,108.32705932121057,1384.48876350859,184.43764322730294,194.71510732562618
2015,1204.5716215806003,398.2336165587141,192.88659448661758,266.59940275851136,213.69927241123872,129.36673815968612,1432.2277028080966,164.03621166524243,235.62583820101605
2016,1286.932830381727,579.9860479093203,324.157992289469,352.2033487955259,245.0055014336888,148.28648317129435,1578.4900210284854,204.77922400635646,238.65920508572046
2017,1443.104684879476,694.2227228692425,354.81758635892044,404.0342283351898,561.618550288821,133.71452585078316,1830.7112832331657,261.1075026203062,258.6927175247636
2018,1677.425756947072,780.7917819426987,396.66734763020554,403.70643327922943,450.93077624551006,209.52084364359726,1948.17981167344,391.4407326877469,448.2529783136648
2019,1812.83,916.771,435.445,404.616,314.398,183.034,2037.86,348.421,266.992
