Região,Sul,Sudeste,Nordeste,Norte,Centro Oeste
2013,8769.187169621791,13853.554618730286,55477.409749442915,27051.894124080078,7165.318904311615
2014,8848.65858250354,13846.791916618582,55206.58046303152,27073.496276712427,7214.766190435769
2015,8509.197080328324,13012.525150337178,53059.64948429873,25828.864466502113,6937.57538952683
2016,7953.020904256611,12333.93724751882,52697.14097058515,25511.46028846089,6894.5165527933395
2017,7449.323400746788,11078.793955363855,47310.010158204146,23173.728205998435,6222.320034911353
2018,7739.977125801141,11982.39014916605,49042.101727781985,24230.170711682033,6447.693597291808
2019,7492.6,11341.79,51256.35999999999,25402.72,6620.870000000001
