IDH,Alto,Médio
2013,226134.35697164238,87691.53878816866
2014,261636.66758129367,104109.50137978514
2015,299361.0459273911,120745.13919900377
2016,354045.5812510697,150290.12196604104
2017,404635.01622996305,165325.63030899383
2018,448521.13349908276,185662.231971927
2019,493361.36,209137.32
