Região,Sul,Sudeste,Nordeste,Norte,Centro Oeste
2013,117146.4398909556,374764.3186207831,156341.21055921222,66104.30793889848,51154.395639961855
2014,118090.47628762903,356568.56100308616,154790.84331800742,66706.8854564864,51577.06363931565
2015,116312.38298106061,338285.1802655838,151557.06723345252,63641.7428401209,50957.05027008462
2016,110280.66255431755,301764.45597802365,146354.21734872725,59388.62832156498,48238.437026030406
2017,111130.18612519704,298862.02261731273,140016.65843644278,57279.876565131926,47372.213424357
2018,115173.07085507922,311577.1552579607,147382.90638981806,60888.799405279875,49478.13365764288
2019,116694.0,315863.99,153264.75,64431.37,52244.57000000001
