Estado,Acre,Amapá,Amazonas,Roraima,Rondônia,Pará,Tocantins
2013,202.32153088785313,116.7739510849288,78.60056056138754,94.94686482281001,61.0697414984127,29.90739804351916,136.02071591447677
2014,281.59342428770935,116.88823237514556,94.05330874055869,105.95684320489771,77.32401706094713,36.28409917802042,143.0382414010936
2015,254.20921347570163,135.28507861937808,108.16698611057274,117.64915697091514,91.76023475882084,33.63040470193908,137.0563053823406
2016,281.01918862099444,193.843545108109,127.42193531235591,191.37220524409827,122.7925240178006,41.595086443560824,165.56236708685947
2017,257.89121041615806,280.00496882587964,125.71251774437924,232.43706149560094,130.44318251810452,54.183373453693335,210.07137419260403
2018,269.57975081664455,203.50109228998102,114.46575487240821,230.56783486492316,143.76559996420193,52.670417983671186,191.37303551742517
2019,294.02,232.99,121.58,303.57,165.4,155.31,204.11
