Estado,Rio de Janeiro,Minas Gerais,São Paulo,Espírito Santo
2013,3971.1483502235455,3470.319235025883,5063.392194120179,4481.879410069455
2014,3754.7983024621685,3424.7798351095685,4709.379686171463,4214.044572246758
2015,3508.8552916877634,3191.7200655575516,4454.379848463809,4032.327508451927
2016,3172.571168449362,3073.9950059604694,3886.9667988159417,2641.997442392917
2017,3054.679794742792,3115.2968990433756,3812.490054288401,2508.1505808445854
2018,3213.0472944502785,3217.4418978891913,3843.813141235464,3449.1403515407906
2019,3041.66,3243.92,3922.19,3627.24
