Estado,Rio Grande do Sul,Paraná,Santa Catarina
2013,3231.7979437514045,3762.083001546217,1775.306224324168
2014,3321.2460314572068,3752.1245251823734,1775.28802586396
2015,3241.5589692179456,3574.8705543548817,1692.7675567554968
2016,2873.659468461184,3417.264829894454,1662.0966059009722
2017,2735.0145949596404,3206.597661337695,1507.7111444494515
2018,2796.2456505596633,3344.750338883124,1598.9811363583533
2019,2716.69,3242.65,1533.26
