Estado,Acre,Amapá,Amazonas,Roraima,Rondônia,Pará,Tocantins
2013,3562.451051240403,3574.7113454815285,2970.911376867638,2582.767641223758,2944.3760393954444,6893.768224169452,4522.908445701857
2014,3553.8074617024313,3562.958357205471,2971.8391042575417,2576.4203306066547,2948.1039690465323,6946.173109147327,4514.1939447464665
2015,3424.594143922372,3365.3375867187924,2860.4649082457613,2482.7502000053464,2844.1837631078192,6500.591025816433,4350.942838685589
2016,3497.281829126229,2773.1871685497367,3016.249002637237,2524.2530543232974,2935.0023870162913,6493.535200761988,4271.951646046112
2017,3073.5101080836916,3059.116761005246,2610.007893304406,2208.0016022303444,2566.752830900383,5807.367233583562,3848.9717768908035
2018,3214.7615014654575,3192.0404666642717,2759.6862900359442,2300.7463209722105,2676.188824696607,6102.8574806384195,3983.889827209122
2019,3397.97,3335.09,2903.47,2467.63,2811.24,6342.0,4145.32
