Estado,Acre,Amapá,Amazonas,Roraima,Rondônia,Pará,Tocantins
2013,1588.0126593056013,1391.0061299704034,12771.88430247855,992.4138123554242,4749.138206316761,14238.94954955068,3321.0091548409687
2014,1649.7062833589612,1444.3973637837275,12303.536284853577,1071.815793722614,4965.075724110309,14791.278718726084,3407.5790112186987
2015,1637.650051735014,1152.65006304741,10896.93245585207,1042.177974384564,4822.729296226647,14779.952825585247,3480.7857067878363
2016,1503.3381907944142,947.3895493274159,9139.60071980693,1024.6807073674947,4311.747548435835,13449.704949143217,3500.706368228781
2017,1627.305604649277,1125.3282476424286,9742.088206285709,1009.8631669134334,4230.068596520303,12818.86709386227,3552.6274432600685
2018,1886.0640603003608,1335.9906128296752,10736.442155733668,1050.0816609647297,4568.029243181449,13271.28682017873,3810.734140409229
2019,1862.43,1321.26,11312.7,1434.82,4852.43,14282.0,3963.01
