Estado,Rio Grande do Sul,Paraná,Santa Catarina
2013,1598.58275947879,1445.761141730403,1610.3638796672026
2014,1880.2898573461084,1735.9087965459826,1951.0116790284799
2015,2165.836235795458,2108.683634297452,2190.1142578050303
2016,2743.0306148351738,2527.3278945918714,2620.9777523963908
2017,3097.699010313699,2997.0114293013335,3037.040131232855
2018,3505.942075131294,3156.3845277089617,3391.0335499322687
2019,3754.73,3392.28,3865.53
