IDH,Alto,Médio
2013,116.31935351244113,437.55336491072836
2014,138.03064405886875,516.05528643959
2015,155.28772568386856,585.1155996269265
2016,189.50999844516062,752.9319779349584
2017,199.8729193648295,768.6350533829681
2018,222.26107851991068,853.9499529742945
2019,234.88,956.86
