Estado,Bahia,Ceará,Piauí,Maranhão,Rio Grande do Norte,Paraíba,Pernambuco,Sergipe,Alagoas
2013,65.3147864358679,35.452207871326394,46.58664700591852,55.99873759122641,49.00049608800088,26.212992419218033,117.75997962243724,67.77985777963902,48.257773293514006
2014,71.98071486896417,40.955991670487194,54.93669989270439,59.09104740846077,61.615827632683086,27.464853020833882,149.2277995685084,83.09394416616433,58.615465537970145
2015,79.22422465199134,44.72347576480344,60.19880614637676,38.61579727182926,62.08455188108254,32.56919556378482,153.25692258495462,73.1318153552496,70.52841739761935
2016,84.2431028996051,64.7073353126189,100.91594508074789,50.64506341036068,70.50280133174265,37.07879986109052,167.73784231926328,90.37794305498385,71.05102109030841
2017,94.04412278969781,76.95961154573146,110.21422545807228,57.7197086592986,160.14279982533816,33.217291113337055,193.24812254166397,114.11445795396409,76.63303705444865
2018,113.24332375326965,86.0321995500828,121.51157833075018,57.386884506331796,129.61620039622005,52.42978193659666,205.14704285197075,171.81413761120808,134.90056798997657
2019,121.89,100.39,133.03,57.19,89.65,45.55,213.23,151.57,80.0
