Estado,Rio de Janeiro,Minas Gerais,São Paulo,Espírito Santo
2013,617.5394285892019,877.5974122960723,2644.624579338318,325.4694521616758
2014,723.1362217830762,1257.3405516627129,3078.294576814079,460.16042895486765
2015,1014.4319554961979,1034.7247172891045,3727.1420889544474,426.1403630529248
2016,858.4503584173797,1311.5679119134677,4109.864299552628,510.4221816878831
2017,1044.739789712956,1258.0769088183881,4803.584192278824,580.0998672855026
2018,1268.9220034333648,1198.7044048970195,5372.527015962706,619.341357606896
2019,1232.58,1458.62,5615.24,746.033
