Região,Sul,Sudeste,Nordeste,Norte,Centro Oeste
2013,57317.1,181295.36,84516.33000000002,36238.94,30128.56
2014,63180.9,188549.65,91324.55,39906.68999999999,33055.39
2015,67825.7,195465.41,97792.45999999999,41592.36,33924.086
2016,73655.2,201350.57,108172.29000000001,44823.47,38941.450000000004
2017,79558.4,218913.3,110120.98000000001,45857.28999999999,40921.76
2018,84995.5,228016.6,119402.15000000001,50248.100000000006,44012.28
2019,89483.6,239855.7,129341.94000000002,55237.19,47932.4
