Estado,Goiás,Mato Grosso,Mato Grosso do Sul
2013,1277.7265122604574,1038.1920082557272,621.5488511228889
2014,1534.4928805421641,1244.5068350105025,750.0275790189066
2015,1757.095121849393,1426.2574470812144,860.358130912808
2016,2270.7175380784474,1809.5777021153476,1140.445030132584
2017,2352.157438814301,1895.7555911969503,1169.3606155864754
2018,2613.3748493224807,2087.1230652542686,1273.2342013969403
2019,2881.3,2300.63,1438.94
