Região,Sul,Sudeste,Nordeste,Norte,Centro Oeste
2013,57317.1,181295.36,84516.33000000002,36238.94,25866.07
2014,63180.9,188549.65,91324.55,39906.68999999999,28473.72
2015,67825.7,195465.41,97792.45999999999,41592.36,30802.52
2016,73655.2,201350.57,108172.29000000001,44823.47,33324.98
2017,79558.4,218913.3,110120.98000000001,45857.28999999999,35006.08
2018,84995.5,228016.6,119402.15000000001,50248.100000000006,37743.07
2019,89483.6,239855.7,129341.94000000002,55237.19,41569.72
