Estado,Rio Grande do Sul,Paraná,Santa Catarina
2013,570.6326424477287,643.255565070039,350.9153912121048
2014,666.3083845700678,760.5882940842132,552.3512751643726
2015,672.0110684660933,881.5517752834284,613.9224652390392
2016,739.753819167149,1078.8442734518378,519.4704182744971
2017,753.553843375528,1309.619694242566,531.2415241796692
2018,816.2230335139512,1662.9490923550688,629.8042129336962
2019,970.447,1641.64,678.835
