IDH,Alto,Médio
2013,1668.6548134690006,787.9584543407591
2014,1866.553933910173,893.7442239705531
2015,2081.8632911151794,1008.820525880778
2016,2414.821017472876,1186.991498205096
2017,2651.36498772761,1312.7081558601262
2018,2810.1381322943744,1407.4321121294593
2019,3000.45,1520.88
