Estado,Rio Grande do Sul,Paraná,Santa Catarina
2013,1717.2583370289137,1586.001291451491,1720.0627558563726
2014,2025.2514077822746,1901.5231890933078,2080.0901937604663
2015,2333.81266354848,2295.3495582389755,2334.8051613035886
2016,2935.8299318317295,2757.4931741801947,2803.099836952308
2017,3307.9943213003257,3243.612493018858,3224.5312120281906
2018,3734.6040725033868,3429.439063045362,3600.4061617708685
2019,3993.52,3675.88,4079.53
