Região,Sul,Sudeste,Nordeste,Norte,Centro Oeste
2013,69391.6,231083.32,64580.899999999994,25004.412,28165.25
2014,76402.1,239694.5,69647.75,27719.002,31026.33
2015,82303.4,248332.59999999998,75198.82000000002,28868.613,33607.1
2016,89044.5,251859.56999999998,81499.45999999999,29479.575999999997,35977.07
2017,96741.5,268521.89,86501.79,31823.422999999995,38395.729999999996
2018,103409.1,288373.2,94657.37000000001,35285.55,41418.7
2019,109201.4,304522.2,102008.39,39028.65,45623.700000000004
