Região,Sul,Sudeste,Nordeste,Norte,Centro Oeste
2013,2443.943,0,5439.896,1770.3615,1186.133
2014,2829.983,0,5881.268,1958.1620000000003,1277.6770000000001
2015,2839.03,0,5550.059,1883.9541,1257.5459999999998
2016,2686.848,0,5698.181000000001,2076.3770000000004,1247.3522
2017,2780.515,0,6368.251,2233.627,1307.907
2018,3229.957,0,6967.905,2079.743,1377.656
2019,3290.922,0,6720.367,3095.2520000000004,1612.815
