Estado,Acre,Amapá,Amazonas,Roraima,Rondônia,Pará,Tocantins
2013,0.6274727056871928,0.6082643575539114,0.6274727056871928,0.6402782711093804,0.621069922976099,0.6338754883982866,0.5506393131540671
2014,0.5874834870766605,0.6574219974429296,0.6784035505528104,0.6993851036626911,0.6784035505528104,0.6014711891499144,0.6993851036626911
2015,0.7100176248082485,0.7558252135055549,0.7329214191569017,0.7634598116217726,0.7329214191569017,0.7558252135055549,0.7405560172731194
2016,0.8353824892430627,0.8005748855246018,0.8440843901726779,0.8701900929615236,0.8266805883134474,0.8527862911022931,0.8701900929615236
2017,0.9144085755918627,0.9330699750937375,0.9050778758409254,0.9330699750937375,0.9144085755918627,0.8304322778334263,0.9330699750937375
2018,0.9529187464151037,0.9625441882980845,0.9432933045321228,0.9625441882980845,0.9625441882980845,0.9529187464151037,0.9625441882980845
2019,0.99,1.0,0.88,0.98,0.99,1.0,1.0
