Estado,Acre,Amapá,Amazonas,Roraima,Rondônia,Pará,Tocantins
2013,0.4738059206209415,0.49941705146531673,0.15366678506625128,0.49301426875422294,0.2881252219992212,0.24970852573265837,0.4097780935100035
2014,0.5105511256737645,0.5385265298202722,0.16785242487904586,0.5315326787836453,0.3077294456115841,0.26576633939182265,0.4406126153074954
2015,0.5573256624838939,0.6107678492974181,0.19849955102166086,0.5802294568325471,0.33592231711357995,0.28248013030005586,0.473345083205499
2016,0.6526425697211427,0.6526425697211427,0.2610570278884571,0.661344470650758,0.4089893436919161,0.33937413625499424,0.5308159567065294
2017,0.6624796823165535,0.7277945805731152,0.24259819352437176,0.6904717815693657,0.41988148879218185,0.34523589078468286,0.5411805855543677
2018,0.6545300480426975,0.7219081412235634,0.24063604707452113,0.7122826993405825,0.42351944285115717,0.36576679155327213,0.5486501873299081
2019,0.7,0.76,0.25,0.69,0.43,0.37,0.57
