Estado,Bahia,Ceará,Piauí,Maranhão,Rio Grande do Norte,Paraíba,Pernambuco,Sergipe,Alagoas
2013,0.6338754883982866,0.5378337477318795,0.6338754883982866,0.3841669626656282,0.6018615748428175,0.4866114860431291,0.5314309650207857,0.6402782711093804,0.5442365304429734
2014,0.6923912526260643,0.629446593296422,0.6993851036626911,0.42662491323424157,0.6714096995161835,0.6993851036626911,0.6434342953696759,0.6923912526260643,0.5804896360400336
2015,0.7481906153893371,0.7023830266920308,0.7558252135055549,0.7481906153893371,0.7634598116217726,0.7329214191569017,0.7634598116217726,0.7558252135055549,0.5725948587163294
2016,0.8440843901726779,0.7831710836653712,0.8266805883134474,0.8701900929615236,0.8701900929615236,0.8701900929615236,0.8614881920319084,0.8701900929615236,0.774469182735756
2017,0.9237392753428001,0.8024401785806142,0.9144085755918627,0.9144085755918627,0.9330699750937375,0.8957471760899879,0.9330699750937375,0.8304322778334263,0.8397629775843637
2018,0.9625441882980845,0.8181625600533718,0.9625441882980845,0.9529187464151037,0.8277880019363527,0.9432933045321228,0.9625441882980845,0.9625441882980845,0.9625441882980845
2019,1.0,0.87,1.0,0.99,0.99,0.97,1.0,1.0,0.99
