Estado,Bahia,Ceará,Piauí,Maranhão,Rio Grande do Norte,Paraíba,Pernambuco,Sergipe,Alagoas
2013,0.5762504439984424,0.5058198341764105,0.37776417995453443,0.3713613972434406,0.46740313790984767,0.4289864416432849,0.5762504439984424,0.3713613972434406,0.390569745376722
2014,0.6224527422597951,0.552514231893526,0.41963106219761465,0.4056433601243608,0.4895695725638838,0.47558187049063,0.629446593296422,0.4056433601243608,0.42662491323424157
2015,0.6871138304595953,0.6031332511812003,0.46571048508928126,0.4504412888568458,0.5802294568325471,0.5191526719028053,0.6794792323433776,0.44280669074062806,0.473345083205499
2016,0.7657672818061407,0.6787482725099885,0.5134121548472989,0.5134121548472989,0.6265368669322969,0.5743254613546056,0.774469182735756,0.48730645205845324,0.5482197585657599
2017,0.8490936773353012,0.7651173795768647,0.597164784059992,0.5785033845581172,0.6998024813203031,0.6531489825656162,0.8490936773353012,0.550511285305305,0.6064954838109293
2018,0.8855406532342378,0.7796607925214485,0.6352791642767358,0.6064028386277932,0.7219081412235634,0.6737809318086592,0.8759152113512569,0.5775265129788507,0.6352791642767358
2019,0.92,0.82,0.64,0.63,0.73,0.7,0.92,0.58,0.65
