Estado,Bahia,Ceará,Piauí,Maranhão,Rio Grande do Norte,Paraíba,Pernambuco,Sergipe,Alagoas
2013,4191.831410343291,3164.203993560869,1846.9595064075409,3123.6423650860897,1825.1900451898218,2049.069745465928,2978.8562396401253,1776.4264520621316,1787.1319047550803
2014,5001.0580915056225,3763.8878062325416,2198.216337769095,3712.7837367079087,2117.4863152533103,2438.6929118124744,3533.279556001842,2114.2411683723153,2124.0745229298127
2015,5722.283980067509,4332.497008187467,2524.2119059688343,4257.296216742722,2325.5138553961515,2799.6911097963184,4100.809859154609,2427.1685293135906,2437.452332976136
2016,7281.3504104592685,5568.842413213777,3287.71740162351,5539.986909731173,3090.897806397473,3621.4875136798323,5183.000125994638,3114.9237548641404,3215.6917676290846
2017,7547.388422438971,5730.076024048151,3360.60080649611,5683.945044479517,3247.61536321201,3714.579562947422,5400.674330740809,3219.884523552224,3284.257021133941
2018,8298.91160987784,6325.272504423915,3720.319916749044,6254.5832592353045,3569.267857279425,4103.518383552394,5984.156469532958,3541.9508532155255,3639.1004381404514
2019,9282.83,7103.4,4223.02,7061.62,4076.16,4599.01,6758.91,4020.09,4131.32
