IDH,Médio,Alto,Muito Alto
2013,1034.960017496202,2665.6605772725165
2014,1217.1219399460713,3159.2405398891838
2015,1402.4807608466097,3434.3582675845246
2016,1742.958102532213,4110.348868134632
2017,1888.6081027945013,4564.789377894666
2018,2127.857407663905,4850.194160215797
2019,2384.9349953306596,5492.258999705131
