IDH,Médio,Alto,Muito Alto
2013,437.55336491072836,2063.904993007532,0.0
2014,516.05528643959,2406.5561662991736,0.0
2015,585.1155996269265,2679.056824961962,0.0
2016,752.9319779349584,3093.9521736237675,0.0
2017,768.6350533829681,3473.0357384949057,0.0
2018,853.9499529742945,3619.3394059546913,0.0
2019,956.86,3997.76,0
