IDH,Médio,Alto,Muito Alto
2013,74056.69135202288,3260.2841509235427,0.0
2014,87838.92240196386,3942.2519892196374,0.0
2015,102045.0232845231,4369.685135611564,0.0
2016,127806.22866120956,5329.165955909385,0.0
2017,139511.484330646,6027.156173418246,0.0
2018,156476.18847951578,6819.6737013013435,0.0
2019,176607.16,7971.97,0
